{"BNB-PERP":330422.37825,"DOGE-PERP":5744437.923836,"SXP-PERP":268839.17850000004,"TOMO-PERP":12628.453905,"OKB-PERP":8292.276404999999,"LTC-PERP":2760401.4371999996,"BAL-PERP":22778.40915,"ALT-PERP":156724.3685,"LINK-PERP":1856686.8614999999,"MKR-PERP":-32799.97,"ETH-PERP":2600900.496,"ETC-PERP":67379.99849999999,"DEFI-PERP":55772.28080000001,"CUSDT-PERP":44.2871,"KNC-PERP":7576.08147,"UNISWAP-PERP":39151.232500000006,"DMG-PERP":-53.053399999999996,"THETA-PERP":163919.81329999998,"SHIT-PERP":97375.19039999999,"XRP-PERP":1899712.8465500001,"XAUT-PERP":8651.264,"HT-PERP":72688.75868,"ADA-PERP":2334106.4770799996,"ALGO-PERP":237907.7835,"EXCH-PERP":1275034.4573000001,"PRIV-PERP":11073.8629,"BTC-PERP":8974467.387000002,"DRGN-PERP":26282.7216,"LEO-PERP":-24632.6005,"ATOM-PERP":790367.1629600001,"EOS-PERP":6467890.615649999,"VET-PERP":84526.71887,"PAXG-PERP":-88.935,"MATIC-PERP":464415.87025000004,"XTZ-PERP":46953.08528310001,"TRX-PERP":1321753.17325,"ZEC-PERP":759111.4,"BSV-PERP":549754.751,"BCH-PERP":1507808.955,"XLM-PERP":87665.27812500007,"MID-PERP":15914.1207,"GRT-PERP":-265038.1058,"SUSHI-PERP":59442.4963,"TRYB-PERP":-955.8770099999999,"COMP-PERP":52815.483305,"USDT-PERP":78.0078,"ASD-PERP":34048.17366}