{"BNB-PERP":884218.6924999999,"DOGE-PERP":-1239412.7916,"SXP-PERP":265874.49960000004,"TOMO-PERP":31051.38672,"OKB-PERP":3773.50407,"LTC-PERP":2668849.345,"BAL-PERP":12380.599549999999,"ALT-PERP":118678.63124999999,"LINK-PERP":2016816.2433000002,"MKR-PERP":14423.6,"ETH-PERP":9648820.8376,"ETC-PERP":67297.98435000001,"DEFI-PERP":127098.0097,"CUSDT-PERP":44.281875,"KNC-PERP":11868.463360000002,"UNISWAP-PERP":42790.369999999995,"DMG-PERP":1.756000000000002,"THETA-PERP":147543.75765999997,"SHIT-PERP":103734.3696,"XRP-PERP":3528792.0901999995,"XAUT-PERP":8761.583999999999,"HT-PERP":-67027.57393000001,"ADA-PERP":1714657.90488,"ALGO-PERP":376518.25350000005,"EXCH-PERP":-1199943.2478,"PRIV-PERP":9513.5907,"BTC-PERP":6239493.837900001,"DRGN-PERP":20971.693,"LEO-PERP":-33310.4733,"ATOM-PERP":1239165.69756,"EOS-PERP":1732077.3003,"VET-PERP":50340.11325,"PAXG-PERP":3262.532,"MATIC-PERP":926453.5059074999,"XTZ-PERP":8444.023173599999,"TRX-PERP":506106.54575999995,"ZEC-PERP":743893.8005,"BSV-PERP":784529.8032,"BCH-PERP":1887692.1551999997,"XLM-PERP":1686403.5563999997,"MID-PERP":5751.4377,"GRT-PERP":-272548.21665,"SUSHI-PERP":-246870.48635,"TRYB-PERP":-953.83652,"COMP-PERP":159862.75424,"USDT-PERP":1238,"ASD-PERP":14268.9708}