{"BNB-PERP":148984.22499999998,"DOGE-PERP":-2007646.2955739996,"SXP-PERP":283711.9187999999,"TOMO-PERP":72779.686,"OKB-PERP":10796.077675,"LTC-PERP":-24838.6644,"BAL-PERP":17625.415100000002,"ALT-PERP":873530.46,"LINK-PERP":-173094.1252,"MKR-PERP":56465.960999999996,"ETH-PERP":8793486.9504,"ETC-PERP":15259.479399999997,"DEFI-PERP":173229.36680000002,"CUSDT-PERP":58.97110500000001,"KNC-PERP":32311.829270000002,"UNISWAP-PERP":41538.06250000001,"DMG-PERP":19.466800000000003,"THETA-PERP":-94130.45481,"SHIT-PERP":47097.2094,"XRP-PERP":112515.38319999994,"XAUT-PERP":-7179.298,"HT-PERP":-11456.895679999998,"ADA-PERP":-343269.52663,"ALGO-PERP":-96619.33110000001,"EXCH-PERP":706965.7841999999,"PRIV-PERP":4350.4938,"BTC-PERP":-7491351.780000001,"DRGN-PERP":1932.0184,"LEO-PERP":69290.02,"ATOM-PERP":790357.1075399999,"EOS-PERP":2633502.132725,"VET-PERP":-3501.8368,"PAXG-PERP":2918.2159999999994,"MATIC-PERP":633085.28898,"XTZ-PERP":57138.163615400015,"TRX-PERP":-241500.74796000004,"ZEC-PERP":876091.976,"BSV-PERP":290533.43280000007,"BCH-PERP":131320.42335,"XLM-PERP":285520.25464999996,"MID-PERP":-40405.2768,"GRT-PERP":-297993.63824999996,"SUSHI-PERP":-308069.5377,"TRYB-PERP":436.4359999999998,"COMP-PERP":440072.682595,"USDT-PERP":452.13559999999995,"ASD-PERP":2403.476812}