{"BNB-PERP":830415.2675000001,"DOGE-PERP":-2055724.764786,"SXP-PERP":289901.11500000005,"TOMO-PERP":89211.285675,"OKB-PERP":11025.771999999999,"LTC-PERP":212126.86560000002,"BAL-PERP":8778.976250000002,"ALT-PERP":807413.8548,"LINK-PERP":110439.41489999993,"MKR-PERP":48705.633,"ETH-PERP":3727948.6880999994,"ETC-PERP":294380.1396,"DEFI-PERP":79979.939,"CUSDT-PERP":44.24530000000001,"KNC-PERP":27313.68192,"UNISWAP-PERP":36280.490000000005,"DMG-PERP":19.9416,"THETA-PERP":80622.66829500001,"SHIT-PERP":120134.50679999999,"XRP-PERP":6200765.8011,"XAUT-PERP":-7151.6900000000005,"HT-PERP":24595.80552,"ADA-PERP":-902022.54208,"ALGO-PERP":309853.28800000006,"EXCH-PERP":694375.7457000001,"PRIV-PERP":11443.102899999998,"BTC-PERP":9925252.725000001,"DRGN-PERP":34538.433000000005,"LEO-PERP":50124.4572,"ATOM-PERP":-153104.1777,"EOS-PERP":5019446.73925,"VET-PERP":153608.51055,"PAXG-PERP":-5636.092000000001,"MATIC-PERP":637576.4708700001,"XTZ-PERP":55919.966166000006,"TRX-PERP":126199.90833999998,"ZEC-PERP":1322947.2380000004,"BSV-PERP":1297060.9335000003,"BCH-PERP":456114.8514999999,"XLM-PERP":285977.7377,"MID-PERP":-29797.802999999993,"GRT-PERP":-319551.55449999997,"SUSHI-PERP":-299230.0297,"TRYB-PERP":-1072.31812,"COMP-PERP":-60812.318862,"USDT-PERP":37.0037,"ASD-PERP":10938.11686}