{"BNB-PERP":-1838431.882,"DOGE-PERP":-2019080.717318,"SXP-PERP":-43006.391449999996,"TOMO-PERP":-42252.211359999994,"OKB-PERP":-18938.08254,"LTC-PERP":-4002736.4953000005,"BAL-PERP":-991.1459999999988,"ALT-PERP":127062.97325,"LINK-PERP":-3324953.54595,"MKR-PERP":-19199.943,"ETH-PERP":-16225127.030000001,"ETC-PERP":-10641.4862,"DEFI-PERP":-6980.811599999996,"CUSDT-PERP":44.297549999999994,"KNC-PERP":-44635.77031,"UNISWAP-PERP":-46432.32,"DMG-PERP":1.799900000000001,"THETA-PERP":22201.150069999996,"SHIT-PERP":-263428.56669999997,"XRP-PERP":-7379102.9435,"XAUT-PERP":8852.946,"HT-PERP":-152577.79855,"ADA-PERP":-4023009.68784,"ALGO-PERP":-734895.5502999999,"EXCH-PERP":-1619793.2382999999,"PRIV-PERP":-1443.340799999999,"BTC-PERP":-9499377.410999998,"DRGN-PERP":-15617.973,"LEO-PERP":-26741.519999999997,"ATOM-PERP":-1747630.3026000003,"EOS-PERP":2316264.53565,"VET-PERP":-44049.8314,"PAXG-PERP":-160.227,"MATIC-PERP":-84832.60910500004,"XTZ-PERP":-32131.831826499998,"TRX-PERP":-893229.4870300001,"ZEC-PERP":-1427771.9375,"BSV-PERP":495224.27320000005,"BCH-PERP":-3786709.48,"XLM-PERP":-2915976.59715,"MID-PERP":-433522.9206,"GRT-PERP":-338624.904,"SUSHI-PERP":-272123.36910000007,"TRYB-PERP":-946.0304699999999,"COMP-PERP":-42232.445694,"USDT-PERP":42,"ASD-PERP":-16047.016325999997}