{"BNB-PERP":495292.4799999999,"DOGE-PERP":-1239729.5630720006,"SXP-PERP":269454.63,"TOMO-PERP":8682.240735000001,"OKB-PERP":3832.823639999999,"LTC-PERP":1968587.0625999998,"BAL-PERP":16729.85295,"ALT-PERP":119785.5232,"LINK-PERP":759415.0248,"MKR-PERP":-1817.8249999999982,"ETH-PERP":3697855.6033,"ETC-PERP":42124.41924999999,"DEFI-PERP":114219.32729999999,"CUSDT-PERP":44.318450000000006,"KNC-PERP":17519.64555,"UNISWAP-PERP":35970.48,"DMG-PERP":19.9416,"THETA-PERP":148758.53681,"SHIT-PERP":105484.4325,"XRP-PERP":-1047287.7107999999,"XAUT-PERP":8990.102,"HT-PERP":-88297.30602,"ADA-PERP":-715581.4686499999,"ALGO-PERP":-1749.9780000000003,"EXCH-PERP":-1230465.2184,"PRIV-PERP":8322.796999999999,"BTC-PERP":3166008.9551999997,"DRGN-PERP":21367.9719,"LEO-PERP":51513.5475,"ATOM-PERP":490989.858975,"EOS-PERP":476627.3266999999,"VET-PERP":20561.493779999997,"PAXG-PERP":-2374.3160000000003,"MATIC-PERP":937119.7711875001,"XTZ-PERP":8849.1706098,"TRX-PERP":86121.76888,"ZEC-PERP":1423933.9619999998,"BSV-PERP":1015913.5599000001,"BCH-PERP":526306.3051500001,"XLM-PERP":315747.547875,"MID-PERP":63696.4636,"GRT-PERP":-286298.859,"SUSHI-PERP":-286975.549,"TRYB-PERP":2021.33997,"COMP-PERP":520562.976558,"USDT-PERP":-164.0164,"ASD-PERP":9651.108672}