{"BNB-PERP":-921767.7450000001,"DOGE-PERP":982867.1558159997,"SXP-PERP":263991.65625,"TOMO-PERP":-4802.108220000001,"OKB-PERP":-11306.928814999997,"LTC-PERP":-1086025.9829999998,"BAL-PERP":-13852.800000000001,"ALT-PERP":826884.24045,"LINK-PERP":-1467128.4537500003,"MKR-PERP":-58636.032,"ETH-PERP":-14168105.934,"ETC-PERP":-178386.3164,"DEFI-PERP":-300173.6642,"CUSDT-PERP":58.9363425,"KNC-PERP":-41370.551999999996,"UNISWAP-PERP":-65076.61250000001,"DMG-PERP":19.466800000000003,"THETA-PERP":-98013.84460499999,"SHIT-PERP":-41051.2408,"XRP-PERP":-2359676.1595,"XAUT-PERP":-6183.96,"HT-PERP":-11282.195005,"ADA-PERP":-1604097.37688,"ALGO-PERP":-786161.7243000001,"EXCH-PERP":673888.6699999999,"PRIV-PERP":-2843.1734000000006,"BTC-PERP":-9751631.996,"DRGN-PERP":-21464.193,"LEO-PERP":62180.1936,"ATOM-PERP":-551218.2716500001,"EOS-PERP":889581.1359999996,"VET-PERP":-86993.05797,"PAXG-PERP":-533.5799999999999,"MATIC-PERP":256057.5101425,"XTZ-PERP":53762.2203384,"TRX-PERP":-1027513.9495799999,"ZEC-PERP":-486193.33499999996,"BSV-PERP":614436.4444,"BCH-PERP":-1910603.1308,"XLM-PERP":-1722735.9793999998,"MID-PERP":-173657.2764,"GRT-PERP":-313667.15975,"SUSHI-PERP":-380735.50159999996,"TRYB-PERP":298.73087999999996,"COMP-PERP":-120110.42642599999,"USDT-PERP":-1178,"ASD-PERP":518.0480399999999}