{"BNB-PERP":-589466.059,"DOGE-PERP":-607316.2692974997,"SXP-PERP":53330.68905,"TOMO-PERP":-4988.5131599999995,"OKB-PERP":-857.3288749999997,"LTC-PERP":865331.424,"BAL-PERP":-10534.73625,"ALT-PERP":104607.9408,"LINK-PERP":335393.7956,"MKR-PERP":28432.446000000004,"ETH-PERP":2026515.9600000002,"ETC-PERP":49564.07859999999,"DEFI-PERP":57438.458000000006,"CUSDT-PERP":44.292325,"KNC-PERP":22334.64618,"UNISWAP-PERP":-15823.2,"DMG-PERP":1.799900000000001,"THETA-PERP":-47311.198659999995,"SHIT-PERP":39286.596000000005,"XRP-PERP":-6266004.786,"XAUT-PERP":8976.375000000002,"HT-PERP":-92043.14197,"ADA-PERP":105043.44788,"ALGO-PERP":282963.2283,"EXCH-PERP":-1140137.1848,"PRIV-PERP":7004.098300000001,"BTC-PERP":-8991867.369599998,"DRGN-PERP":5864.5422,"LEO-PERP":-30530.373599999995,"ATOM-PERP":251134.52843999997,"EOS-PERP":3676412.301125,"VET-PERP":35322.344475000005,"PAXG-PERP":713.12,"MATIC-PERP":838507.47578,"XTZ-PERP":-993.4585362000003,"TRX-PERP":367875.95927,"ZEC-PERP":932881.065,"BSV-PERP":534194.5896000001,"BCH-PERP":957561.44415,"XLM-PERP":-2324731.5936,"MID-PERP":150168.4218,"GRT-PERP":-349385.19,"SUSHI-PERP":-245975.0844,"TRYB-PERP":-939.61868,"COMP-PERP":17938.919231999997,"USDT-PERP":36.9889,"ASD-PERP":-16370.607633}