{"BNB-PERP":736769.4619999999,"DOGE-PERP":5971746.7205295,"SXP-PERP":263820.4816,"TOMO-PERP":31607.458739999995,"OKB-PERP":4710.760145000001,"LTC-PERP":1817105.7528,"BAL-PERP":18485.811499999996,"ALT-PERP":16254.67155000002,"LINK-PERP":-1584311.6840000001,"MKR-PERP":40646.521,"ETH-PERP":-6517571.8573,"ETC-PERP":46050.859,"DEFI-PERP":101701.97520000002,"CUSDT-PERP":44.297549999999994,"KNC-PERP":7228.053920000001,"UNISWAP-PERP":38752.44500000001,"DMG-PERP":-51.81960000000001,"THETA-PERP":156445.5106,"SHIT-PERP":64736.53899999999,"XRP-PERP":10686134.714850001,"XAUT-PERP":8708.77,"HT-PERP":93708.82174999999,"ADA-PERP":3452790.66165,"ALGO-PERP":750659.6328,"EXCH-PERP":1482523.0035,"PRIV-PERP":10940.2605,"BTC-PERP":439740.97200000053,"DRGN-PERP":8134.579199999999,"LEO-PERP":-5757.5,"ATOM-PERP":1288071.2725,"EOS-PERP":2908409.1300000004,"VET-PERP":72798.3428,"PAXG-PERP":-1106.452,"MATIC-PERP":1129743.86022,"XTZ-PERP":62934.168189,"TRX-PERP":1699458.89958,"ZEC-PERP":533802.5015,"BSV-PERP":1032015.5098,"BCH-PERP":3816147.8469999996,"XLM-PERP":415418.2481499999,"MID-PERP":18509.856999999996,"GRT-PERP":-265653.24830000004,"SUSHI-PERP":50627.959200000005,"TRYB-PERP":-364.99182999999994,"COMP-PERP":29415.466047000005,"USDT-PERP":733.0733,"ASD-PERP":-37163.69802}